label,page_size,v_token_block,k_channel_group,sketch_dim,store_budget,read_budget,base_bits,ppl,seconds,v_slots_read,k_slots_read,n_queries,actual_read_ratio,total_MB,vs_fp16,base_MB,scale_MB,residual_MB,metadata_MB,sketch_MB,current_clean_run
baseline,16,4,32,16,0.2,0.1,3,2.5261943062641263,229.87601760192774,90112,0,90112,1.0,0.85532,0.29661698774857953,0.540672,0.090112,0.145688,0.033792,0.045056,True
vblock_8,16,8,32,16,0.2,0.1,3,2.674207483342135,229.48327651480213,90112,0,90112,1.0,0.84618,0.2934473211115057,0.540672,0.090112,0.144996,0.025344,0.045056,True
vblock_16,16,16,32,16,0.2,0.1,3,2.576404291885572,230.91280676913448,90112,0,90112,1.0,0.841418,0.2917959039861506,0.540672,0.090112,0.144458,0.02112,0.045056,True
kgroup_16,16,4,16,16,0.2,0.1,3,2.5261943062641263,235.36277516186237,90112,0,90112,1.0,0.909516,0.3154116543856534,0.540672,0.090112,0.14638,0.04224,0.090112,True
kgroup_64,16,4,64,16,0.2,0.1,3,2.5261943062641263,230.08740406110883,90112,0,90112,1.0,0.82803,0.2871530706232244,0.540672,0.090112,0.14515,0.029568,0.022528,True
sketch_8,16,4,32,8,0.2,0.1,3,2.5261943062641263,228.59133956301957,90112,0,90112,1.0,0.832792,0.28880448774857953,0.540672,0.090112,0.145688,0.033792,0.022528,True
sketch_32,16,4,32,32,0.2,0.1,3,2.5261943062641263,228.31313053611666,90112,0,90112,1.0,0.900376,0.31224198774857953,0.540672,0.090112,0.145688,0.033792,0.090112,True
page_8,8,4,32,16,0.2,0.1,3,2.6939541804576237,394.87638046382926,90112,0,90112,1.0,0.917964,0.3183413418856534,0.540672,0.090112,0.14638,0.050688,0.090112,True
page_32,32,4,32,16,0.2,0.1,3,2.7563039233430233,143.66842138790525,90112,0,90112,1.0,0.823806,0.2856882268732244,0.540672,0.090112,0.14515,0.025344,0.022528,True
