base_bits,store_budget,read_budget,ppl,seconds,v_slots_read,k_slots_read,total_MB,vs_fp16,current_clean_run
3,0.05,0.01,2.5261943062641263,228.40965738892555,90112,0,0.745892,0.25866837935014203,True
3,0.05,0.03,2.5261943062641263,230.03380659408867,90112,0,0.745892,0.25866837935014203,True
3,0.05,0.05,2.5261943062641263,227.8258702380117,90112,0,0.745892,0.25866837935014203,True
3,0.1,0.01,2.5261943062641263,227.08964200410992,90112,0,0.782282,0.2712880914861506,True
3,0.1,0.03,2.5261943062641263,227.53887536004186,90112,0,0.782282,0.2712880914861506,True
3,0.1,0.05,2.5261943062641263,226.7218273698818,90112,0,0.782282,0.2712880914861506,True
3,0.2,0.01,2.5261943062641263,227.06549554294907,90112,0,0.85532,0.29661698774857953,True
3,0.2,0.03,2.5261943062641263,227.904879626818,90112,0,0.85532,0.29661698774857953,True
3,0.2,0.05,2.5261943062641263,227.42830543313175,90112,0,0.85532,0.29661698774857953,True
