impl,ppl,seconds,K_reads,V_reads,peak_gpu_mem_MB,seq_len,speedup_vs_cached
python,3.866058,153.45,90112,90112,4028.05,64,-
cached,3.866058,116.4,90112,90112,4028.05,64,-
vectorized,3.971802,85.66,90112,90112,4028.05,64,1.36
python,2.063672,472.95,180224,180224,4046.15,128,-
cached,2.063672,393.27,180224,180224,4046.15,128,-
vectorized,2.061384,279.64,180224,180224,4046.15,128,1.41
