{
  "uniform_baseline": {
    "policy": "uniform",
    "ppl": 3.829374,
    "multipliers": [
      1.0,
      1.0,
      1.0,
      1.0,
      1.0,
      1.0,
      1.0,
      1.0,
      1.0,
      1.0,
      1.0,
      1.0,
      1.0,
      1.0,
      1.0,
      1.0,
      1.0,
      1.0,
      1.0,
      1.0,
      1.0,
      1.0
    ],
    "per_layer_stored": {
      "0": {
        "stored_K": 32,
        "stored_V": 64
      },
      "1": {
        "stored_K": 32,
        "stored_V": 64
      },
      "2": {
        "stored_K": 32,
        "stored_V": 64
      },
      "3": {
        "stored_K": 32,
        "stored_V": 64
      },
      "4": {
        "stored_K": 32,
        "stored_V": 64
      },
      "5": {
        "stored_K": 32,
        "stored_V": 64
      },
      "6": {
        "stored_K": 32,
        "stored_V": 64
      },
      "7": {
        "stored_K": 32,
        "stored_V": 64
      },
      "8": {
        "stored_K": 32,
        "stored_V": 64
      },
      "9": {
        "stored_K": 32,
        "stored_V": 64
      },
      "10": {
        "stored_K": 32,
        "stored_V": 64
      },
      "11": {
        "stored_K": 32,
        "stored_V": 64
      },
      "12": {
        "stored_K": 32,
        "stored_V": 64
      },
      "13": {
        "stored_K": 32,
        "stored_V": 64
      },
      "14": {
        "stored_K": 32,
        "stored_V": 64
      },
      "15": {
        "stored_K": 32,
        "stored_V": 64
      },
      "16": {
        "stored_K": 32,
        "stored_V": 64
      },
      "17": {
        "stored_K": 32,
        "stored_V": 64
      },
      "18": {
        "stored_K": 32,
        "stored_V": 64
      },
      "19": {
        "stored_K": 32,
        "stored_V": 64
      },
      "20": {
        "stored_K": 32,
        "stored_V": 64
      },
      "21": {
        "stored_K": 32,
        "stored_V": 64
      }
    }
  },
  "u_shaped_builtin": {
    "policy": "u_shaped",
    "ppl": 3.887311,
    "multipliers": [
      1.5555555555555558,
      1.4444444444444446,
      1.3333333333333335,
      1.2222222222222223,
      1.1111111111111112,
      1.0000000000000002,
      0.888888888888889,
      0.7777777777777779,
      0.6666666666666667,
      0.5555555555555557,
      0.44444444444444453,
      0.44444444444444453,
      0.5555555555555556,
      0.6666666666666667,
      0.7777777777777778,
      0.888888888888889,
      1.0,
      1.1111111111111112,
      1.222222222222222,
      1.3333333333333335,
      1.4444444444444444,
      1.5555555555555558
    ],
    "per_layer_stored": {
      "0": {
        "stored_K": 32,
        "stored_V": 64
      },
      "1": {
        "stored_K": 32,
        "stored_V": 64
      },
      "2": {
        "stored_K": 32,
        "stored_V": 64
      },
      "3": {
        "stored_K": 32,
        "stored_V": 64
      },
      "4": {
        "stored_K": 32,
        "stored_V": 64
      },
      "5": {
        "stored_K": 32,
        "stored_V": 64
      },
      "6": {
        "stored_K": 32,
        "stored_V": 64
      },
      "7": {
        "stored_K": 32,
        "stored_V": 48
      },
      "8": {
        "stored_K": 16,
        "stored_V": 48
      },
      "9": {
        "stored_K": 16,
        "stored_V": 32
      },
      "10": {
        "stored_K": 16,
        "stored_V": 32
      },
      "11": {
        "stored_K": 16,
        "stored_V": 32
      },
      "12": {
        "stored_K": 16,
        "stored_V": 32
      },
      "13": {
        "stored_K": 16,
        "stored_V": 48
      },
      "14": {
        "stored_K": 32,
        "stored_V": 48
      },
      "15": {
        "stored_K": 32,
        "stored_V": 64
      },
      "16": {
        "stored_K": 32,
        "stored_V": 64
      },
      "17": {
        "stored_K": 32,
        "stored_V": 64
      },
      "18": {
        "stored_K": 32,
        "stored_V": 64
      },
      "19": {
        "stored_K": 32,
        "stored_V": 64
      },
      "20": {
        "stored_K": 32,
        "stored_V": 64
      },
      "21": {
        "stored_K": 32,
        "stored_V": 64
      }
    }
  },
  "sensitivity_sharp_u": {
    "policy": "sensitivity",
    "ppl": 4.220917,
    "multipliers": [
      1.9130434782608696,
      1.9130434782608696,
      1.9130434782608696,
      1.9130434782608696,
      0.4782608695652174,
      0.4782608695652174,
      0.4782608695652174,
      0.4782608695652174,
      0.4782608695652174,
      0.4782608695652174,
      0.4782608695652174,
      0.4782608695652174,
      0.4782608695652174,
      0.4782608695652174,
      0.4782608695652174,
      0.4782608695652174,
      0.4782608695652174,
      0.4782608695652174,
      1.9130434782608696,
      1.9130434782608696,
      1.9130434782608696,
      1.9130434782608696
    ],
    "per_layer_stored": {
      "0": {
        "stored_K": 32,
        "stored_V": 64
      },
      "1": {
        "stored_K": 32,
        "stored_V": 64
      },
      "2": {
        "stored_K": 32,
        "stored_V": 64
      },
      "3": {
        "stored_K": 32,
        "stored_V": 64
      },
      "4": {
        "stored_K": 16,
        "stored_V": 32
      },
      "5": {
        "stored_K": 16,
        "stored_V": 32
      },
      "6": {
        "stored_K": 16,
        "stored_V": 32
      },
      "7": {
        "stored_K": 16,
        "stored_V": 32
      },
      "8": {
        "stored_K": 16,
        "stored_V": 32
      },
      "9": {
        "stored_K": 16,
        "stored_V": 32
      },
      "10": {
        "stored_K": 16,
        "stored_V": 32
      },
      "11": {
        "stored_K": 16,
        "stored_V": 32
      },
      "12": {
        "stored_K": 16,
        "stored_V": 32
      },
      "13": {
        "stored_K": 16,
        "stored_V": 32
      },
      "14": {
        "stored_K": 16,
        "stored_V": 32
      },
      "15": {
        "stored_K": 16,
        "stored_V": 32
      },
      "16": {
        "stored_K": 16,
        "stored_V": 32
      },
      "17": {
        "stored_K": 16,
        "stored_V": 32
      },
      "18": {
        "stored_K": 32,
        "stored_V": 64
      },
      "19": {
        "stored_K": 32,
        "stored_V": 64
      },
      "20": {
        "stored_K": 32,
        "stored_V": 64
      },
      "21": {
        "stored_K": 32,
        "stored_V": 64
      }
    }
  },
  "sensitivity_default_uni": {
    "policy": "sensitivity",
    "ppl": 3.829374,
    "multipliers": [
      1.0,
      1.0,
      1.0,
      1.0,
      1.0,
      1.0,
      1.0,
      1.0,
      1.0,
      1.0,
      1.0,
      1.0,
      1.0,
      1.0,
      1.0,
      1.0,
      1.0,
      1.0,
      1.0,
      1.0,
      1.0,
      1.0
    ],
    "per_layer_stored": {
      "0": {
        "stored_K": 32,
        "stored_V": 64
      },
      "1": {
        "stored_K": 32,
        "stored_V": 64
      },
      "2": {
        "stored_K": 32,
        "stored_V": 64
      },
      "3": {
        "stored_K": 32,
        "stored_V": 64
      },
      "4": {
        "stored_K": 32,
        "stored_V": 64
      },
      "5": {
        "stored_K": 32,
        "stored_V": 64
      },
      "6": {
        "stored_K": 32,
        "stored_V": 64
      },
      "7": {
        "stored_K": 32,
        "stored_V": 64
      },
      "8": {
        "stored_K": 32,
        "stored_V": 64
      },
      "9": {
        "stored_K": 32,
        "stored_V": 64
      },
      "10": {
        "stored_K": 32,
        "stored_V": 64
      },
      "11": {
        "stored_K": 32,
        "stored_V": 64
      },
      "12": {
        "stored_K": 32,
        "stored_V": 64
      },
      "13": {
        "stored_K": 32,
        "stored_V": 64
      },
      "14": {
        "stored_K": 32,
        "stored_V": 64
      },
      "15": {
        "stored_K": 32,
        "stored_V": 64
      },
      "16": {
        "stored_K": 32,
        "stored_V": 64
      },
      "17": {
        "stored_K": 32,
        "stored_V": 64
      },